Remove,EarthScience,InterdisciplinaryComputing,ComputerScience,Math,Education,Engineering,Humanities,EnvironmentalBiology,Chemistry,LifeScience,Physics,SocialScience,Architecture
FIW,geo ,informat,comp sci,math ,educ,engn ,english,bio,chem,communicable,phys ,culture,architecture
NOAA,geol,bioinform,informat & enabling technol,mathemat,NA,engn,latin,bot,atomic,pharm,langmuir,politi,NA
National Oceanic and,earth,data sci,computat sci,stat ,NA,control sci,liberal arts,evol,balcones,infect,gleb wataghin,psychiat,NA
Consult,meteorol,inform tech,madalgo,stat ,NA,engr,bunting inst,univ politecn valencia,NA,hlth,reg bariloche,govt,NA
Geol Survey,spatial,info tech,informat,statistics,NA,NA,literature,eco,NA,food,inst balseiro,anthropol,NA
Capita,energy,ecoinfo,informatics,santa fe inst,NA,NA,archeol,ent,NA,neurobiol,ctr atom bariloche,social,NA
capital,climate,computat land,complejidad,nevanlinna inst,NA,NA,arqueol,orn,NA,bacteriol,nucl,law ,NA
capitol,hydrol,computat ecol,eugene lawler,dept matemat,NA,NA,NA,zoo,NA,microbiol,isotrace,woodrow wilson sch,NA
Save Elephants,minerals,theory & modeling,dworkin lab,NA,NA,NA,NA,plant,NA,epidemiol,theor,pondichery,NA
USDA,polar,univ politecn catalunya, complex syst res grp,NA,NA,NA,NA,life,NA,serv alta tecno,inst adv,saami studies,NA
NASA,space,modelling sci,art intell,NA,NA,NA,NA,genet,NA,aarhus inst,NA,ctr noumea,NA
NA,atmospher,NA,artificial intelligence,NA,NA,NA,NA,limn,NA,aronoff lab,NA,sociol,NA
NA,atmosfera,NA,NA,NA,NA,NA,NA,species,NA,charles perkins,NA,commerce,NA
NA,low temp,NA,NA,NA,NA,NA,NA,aquat,NA,vet,NA,business,NA
NA,parsons lab,NA,NA,NA,NA,NA,NA,vida,NA,genom,NA,NA,NA
NA,ft collins sci,NA,NA,NA,NA,NA,NA,nat,NA,enabling technol,NA,NA,NA
NA,busgen inst,NA,NA,NA,NA,NA,NA,trop,NA,med,NA,NA,NA
NA,macaulay inst,NA,NA,NA,NA,NA,NA,populat,NA,nutr,NA,NA,NA
NA,buesgen inst,NA,NA,NA,NA,NA,NA,paleo,NA,parasitol,NA,NA,NA
NA,svalbard unis,NA,NA,NA,NA,NA,NA,freshwater,NA,radiol,NA,NA,NA
NA,ctr svalbard,NA,NA,NA,NA,NA,NA,bird,NA,neurogenet,NA,NA,NA
NA,terra jaume,NA,NA,NA,NA,NA,NA,nematol,NA,david clark labs,NA,NA,NA
NA,ore deposits,NA,NA,NA,NA,NA,NA,anim,NA,dis control,NA,NA,NA
NA,isotope,NA,NA,NA,NA,NA,NA,marine,NA,salud,NA,NA,NA
NA,nordiques,NA,NA,NA,NA,NA,NA,ocean,NA,nucats,NA,NA,NA
NA,ambientales,NA,NA,NA,NA,NA,NA,reef,NA,pathol,NA,NA,NA
NA,inst arctic,NA,NA,NA,NA,NA,NA,estuar,NA,canc,NA,NA,NA
NA,radiocarbon,NA,NA,NA,NA,NA,NA,env,NA,helmholtz ctr,NA,NA,NA
NA,hydrophys,NA,NA,NA,NA,NA,NA,fish,NA,karolinska inst,NA,NA,NA
NA,quaternary,NA,NA,NA,NA,NA,NA,forest,NA,gulbenkian inst,NA,NA,NA
NA,remote sensing,NA,NA,NA,NA,NA,NA,watershed,NA,inst vogelforsch,NA,NA,NA
NA,palaeontol,NA,NA,NA,NA,NA,NA,rivers,NA,neurosci,NA,NA,NA
NA,ctr etud nord,NA,NA,NA,NA,NA,NA,land,NA,liggins inst,NA,NA,NA
NA,oceanog,NA,NA,NA,NA,NA,NA,soil,NA,haartman inst,NA,NA,NA
NA,NA,NA,NA,NA,NA,NA,NA,ictiol,NA,virol,NA,NA,NA
NA,NA,NA,NA,NA,NA,NA,NA,crop,NA,huch lab,NA,NA,NA
NA,NA,NA,NA,NA,NA,NA,NA,range,NA,tech st jerome,NA,NA,NA
NA,NA,NA,NA,NA,NA,NA,NA,hort,NA,inst butantan,NA,NA,NA
NA,NA,NA,NA,NA,NA,NA,NA,smithsonian,NA,forens,NA,NA,NA
NA,NA,NA,NA,NA,NA,NA,NA,lake,NA,helmintol,NA,NA,NA
NA,NA,NA,NA,NA,NA,NA,NA,aridas,NA,salut,NA,NA,NA
NA,NA,NA,NA,NA,NA,NA,NA,appalachian lab,NA,microorganisms,NA,NA,NA
NA,NA,NA,NA,NA,NA,NA,NA,moreau lab,NA,stress adaptat,NA,NA,NA
NA,NA,NA,NA,NA,NA,NA,NA,alaska sci ctr,NA,outbreak anal,NA,NA,NA
NA,NA,NA,NA,NA,NA,NA,NA,technosuruga lab co ltd,NA,verhaltensphysiol,NA,NA,NA
NA,NA,NA,NA,NA,NA,NA,NA,field sci,NA,parsitol,NA,NA,NA
NA,NA,NA,NA,NA,NA,NA,NA,florestais,NA,ineuci,NA,NA,NA
NA,NA,NA,NA,NA,NA,NA,NA,ethol,NA,inst venezolano,NA,NA,NA
NA,NA,NA,NA,NA,NA,NA,NA,lorenz,NA,babraham inst,NA,NA,NA
NA,NA,NA,NA,NA,NA,NA,NA,foret,NA,neison labs,NA,NA,NA
NA,NA,NA,NA,NA,NA,NA,NA,conservat,NA,vero beach lab,NA,NA,NA
NA,NA,NA,NA,NA,NA,NA,NA,terradynam,NA,reg hosp,NA,NA,NA
NA,NA,NA,NA,NA,NA,NA,NA,lincglobal,NA,radiat,NA,NA,NA
NA,NA,NA,NA,NA,NA,NA,NA,dna barcoding,NA,nelson labs,NA,NA,NA
NA,NA,NA,NA,NA,NA,NA,NA,volcani,NA,corson lab,NA,NA,NA
NA,NA,NA,NA,NA,NA,NA,NA,wild,NA,ctr louis emberger,NA,NA,NA
NA,NA,NA,NA,NA,NA,NA,NA,fram,NA,ophthalmol,NA,NA,NA
NA,NA,NA,NA,NA,NA,NA,NA,james hutton,NA,barnes lab,NA,NA,NA
NA,NA,NA,NA,NA,NA,NA,NA,percy fitzpatrick,NA,usda,NA,NA,NA
NA,NA,NA,NA,NA,NA,NA,NA,barnes lab,NA,NA,NA,NA,NA
NA,NA,NA,NA,NA,NA,NA,NA,clodomiro picado,NA,NA,NA,NA,NA
NA,NA,NA,NA,NA,NA,NA,NA,corail,NA,NA,NA,NA,NA
NA,NA,NA,NA,NA,NA,NA,NA,edward grey,NA,NA,NA,NA,NA
NA,NA,NA,NA,NA,NA,NA,NA,farlington ringing,NA,NA,NA,NA,NA
NA,NA,NA,NA,NA,NA,NA,NA,indie,NA,NA,NA,NA,NA
NA,NA,NA,NA,NA,NA,NA,NA,instaar,NA,NA,NA,NA,NA
NA,NA,NA,NA,NA,NA,NA,NA,leetown sci,NA,NA,NA,NA,NA
NA,NA,NA,NA,NA,NA,NA,NA,arthur rylah,NA,NA,NA,NA,NA
NA,NA,NA,NA,NA,NA,NA,NA,florida integrated,NA,NA,NA,NA,NA
NA,NA,NA,NA,NA,NA,NA,NA,desert,NA,NA,NA,NA,NA
NA,NA,NA,NA,NA,NA,NA,NA,mt studies,NA,NA,NA,NA,NA
NA,NA,NA,NA,NA,NA,NA,NA,linc global,NA,NA,NA,NA,NA
NA,NA,NA,NA,NA,NA,NA,NA,nsw dept primary ind,NA,NA,NA,NA,NA
NA,NA,NA,NA,NA,NA,NA,NA,brackenridge field,NA,NA,NA,NA,NA
NA,NA,NA,NA,NA,NA,NA,NA,avancats blanes,NA,NA,NA,NA,NA
NA,NA,NA,NA,NA,NA,NA,NA,christchurch sci ctr,NA,NA,NA,NA,NA
NA,NA,NA,NA,NA,NA,NA,NA,silvicultura,NA,NA,NA,NA,NA
NA,NA,NA,NA,NA,NA,NA,NA,dendro,NA,NA,NA,NA,NA
NA,NA,NA,NA,NA,NA,NA,NA,st anthony falls lab,NA,NA,NA,NA,NA
NA,NA,NA,NA,NA,NA,NA,NA,cryoptogamy,NA,NA,NA,NA,NA
NA,NA,NA,NA,NA,NA,NA,NA,ciencies mar,NA,NA,NA,NA,NA
NA,NA,NA,NA,NA,NA,NA,NA,herpetol,NA,NA,NA,NA,NA
NA,NA,NA,NA,NA,NA,NA,NA,avanzados blanes,NA,NA,NA,NA,NA
NA,NA,NA,NA,NA,NA,NA,NA,vegetal,NA,NA,NA,NA,NA
NA,NA,NA,NA,NA,NA,NA,NA,lab costero calfuco,NA,NA,NA,NA,NA
NA,NA,NA,NA,NA,NA,NA,NA,aquaculture,NA,NA,NA,NA,NA
NA,NA,NA,NA,NA,NA,NA,NA,ag,NA,NA,NA,NA,NA
NA,NA,NA,NA,NA,NA,NA,NA,alfred wegener,NA,NA,NA,NA,NA
NA,NA,NA,NA,NA,NA,NA,NA,vogelwarte,NA,NA,NA,NA,NA
NA,NA,NA,NA,NA,NA,NA,NA,mediterr,NA,NA,NA,NA,NA
NA,NA,NA,NA,NA,NA,NA,NA,insect sci,NA,NA,NA,NA,NA
NA,NA,NA,NA,NA,NA,NA,NA,phytol,NA,NA,NA,NA,NA
NA,NA,NA,NA,NA,NA,NA,NA,rech halieut,NA,NA,NA,NA,NA
NA,NA,NA,NA,NA,NA,NA,NA,ichtyol,NA,NA,NA,NA,NA
NA,NA,NA,NA,NA,NA,NA,NA,erken lab,NA,NA,NA,NA,NA
NA,NA,NA,NA,NA,NA,NA,NA,pesquisa amazonia,NA,NA,NA,NA,NA
NA,NA,NA,NA,NA,NA,NA,NA,louis calder,NA,NA,NA,NA,NA
NA,NA,NA,NA,NA,NA,NA,NA,russell labs,NA,NA,NA,NA,NA
NA,NA,NA,NA,NA,NA,NA,NA,hoffmann inst,NA,NA,NA,NA,NA
NA,NA,NA,NA,NA,NA,NA,NA,complutense,NA,NA,NA,NA,NA
NA,NA,NA,NA,NA,NA,NA,NA,ralph m parsons,NA,NA,NA,NA,NA
NA,NA,NA,NA,NA,NA,NA,NA,tree ring lab,NA,NA,NA,NA,NA
NA,NA,NA,NA,NA,NA,NA,NA,ctr wood,NA,NA,NA,NA,NA
NA,NA,NA,NA,NA,NA,NA,NA,okol,NA,NA,NA,NA,NA
NA,NA,NA,NA,NA,NA,NA,NA,verteb,NA,NA,NA,NA,NA
NA,NA,NA,NA,NA,NA,NA,NA,meereskunde,NA,NA,NA,NA,NA
NA,NA,NA,NA,NA,NA,NA,NA,streamside studies,NA,NA,NA,NA,NA
NA,NA,NA,NA,NA,NA,NA,NA,ars cereal rust,NA,NA,NA,NA,NA
NA,NA,NA,NA,NA,NA,NA,NA,coastal,NA,NA,NA,NA,NA
NA,NA,NA,NA,NA,NA,NA,NA,black mt labs,NA,NA,NA,NA,NA
NA,NA,NA,NA,NA,NA,NA,NA,prairie sci,NA,NA,NA,NA,NA
NA,NA,NA,NA,NA,NA,NA,NA,coweeta,NA,NA,NA,NA,NA
NA,NA,NA,NA,NA,NA,NA,NA,community dynam,NA,NA,NA,NA,NA
NA,NA,NA,NA,NA,NA,NA,NA,arbeitsgrp verhaltensforsch,NA,NA,NA,NA,NA
NA,NA,NA,NA,NA,NA,NA,NA,avian,NA,NA,NA,NA,NA
NA,NA,NA,NA,NA,NA,NA,NA,shrub sci lab,NA,NA,NA,NA,NA
NA,NA,NA,NA,NA,NA,NA,NA,belle w baruch,NA,NA,NA,NA,NA
NA,NA,NA,NA,NA,NA,NA,NA,boreal inst,NA,NA,NA,NA,NA
NA,NA,NA,NA,NA,NA,NA,NA,ekol,NA,NA,NA,NA,NA
NA,NA,NA,NA,NA,NA,NA,NA,pesticide lab,NA,NA,NA,NA,NA
NA,NA,NA,NA,NA,NA,NA,NA,asko,NA,NA,NA,NA,NA
NA,NA,NA,NA,NA,NA,NA,NA,greeley mem lab,NA,NA,NA,NA,NA
NA,NA,NA,NA,NA,NA,NA,NA,buckhout,NA,NA,NA,NA,NA
NA,NA,NA,NA,NA,NA,NA,NA,boyce thompson inst,NA,NA,NA,NA,NA
NA,NA,NA,NA,NA,NA,NA,NA,pasture sci,NA,NA,NA,NA,NA
NA,NA,NA,NA,NA,NA,NA,NA,maritime,NA,NA,NA,NA,NA
NA,NA,NA,NA,NA,NA,NA,NA,harbor,NA,NA,NA,NA,NA
NA,NA,NA,NA,NA,NA,NA,NA,sea,NA,NA,NA,NA,NA
